model,variant,cv_rmse_log_mean,cv_rmse_log_std,val_rmse_log,delta_vs_full
Lasso,full,0.10802764807821003,0.008498773723713693,0.11375052253367986,0.0
Lasso,minus_LotRatio,0.10800700825202367,0.008492385573432445,0.1137505225336791,-2.063982618635829e-05
Lasso,minus_IsRemodeled,0.10796831794669302,0.008506332738767454,0.11386742570456197,-5.933013151700195e-05
Lasso,minus_both_weak,0.10794726477062373,0.008499708965102673,0.11386742570456135,-8.038330758629308e-05
Lasso,no_engineered,0.10910684333532371,0.008917230385688528,0.11347740201222592,0.0010791952571136826
LightGBM,full,0.11506498520176474,0.007910493921081955,0.12803117914304166,0.0
LightGBM,minus_LotRatio,0.11504979796272635,0.008383129874043875,0.1263329353557166,-1.5187239038386147e-05
LightGBM,minus_IsRemodeled,0.11510476103267195,0.008436820436507028,0.1261338693237313,3.977583090720993e-05
LightGBM,minus_both_weak,0.11502139535515148,0.008160358799586948,0.12518276804693537,-4.358984661326226e-05
LightGBM,no_engineered,0.11893750174237994,0.009478184900934931,0.12270101500421109,0.003872516540615198
