feature,coefficient
TotalSF,0.16345819756941518
MSZoning_infrequent_sklearn,-0.11450364128034286
Neighborhood_Crawfor,0.1017356968712367
Neighborhood_StoneBr,0.10089067806691315
HouseAge,-0.08445667483492461
Exterior1st_BrkFace,0.07597677204159431
MSSubClass_90,-0.06137106742409397
Neighborhood_BrkSide,0.060976886596832536
Neighborhood_NoRidge,0.05789624596471742
OverallScore,0.057180762131471156
Neighborhood_Edwards,-0.056795096633288904
Neighborhood_NridgHt,0.050889485814084943
QualSum,0.04714166880999993
GrLivArea,0.04661917085931284
OverallQual,0.04463425417448854
SaleCondition_Abnorml,-0.04379636220124098
BsmtFinType1,0.0405732760845123
SaleCondition_Partial,0.0400171992041563
Condition1_infrequent_sklearn,-0.035786557963305474
LotArea,0.03435671908259078
CentralAir_N,-0.03321767246882229
GarageCars,0.032447292417879796
Functional,0.029608326234268942
MasVnrType_Stone,0.028058124936735228
TotalPorchSF,0.026707997092386183
Condition1_Norm,0.02636971564189782
SaleType_infrequent_sklearn,0.02478253951725972
MSZoning_FV,0.02397932483677141
MSZoning_RM,-0.022769343846529483
BsmtUnfSF,-0.02266002342508645
HeatingQC,0.022001066748573148
GarageType_Attchd,-0.021622940907002713
ScreenPorch,0.021007453430503222
Alley_Pave,0.020824718369328005
BldgType_1Fam,0.01992167029005468
Foundation_PConc,0.019882362392096408
LotConfig_FR2,-0.016300710042198133
BsmtFinSF1,0.016241168293758237
HalfBath,0.016066316804791026
Fireplaces,0.014917709754424746
RemodAge,-0.014825244559283933
Exterior1st_Stucco,0.014482257252740313
Foundation_BrkTil,-0.014272536146492565
TotRmsAbvGrd,0.014076657766692128
Exterior1st_Wd Sdng,-0.013515309838937261
Neighborhood_Mitchel,-0.013212393325529252
GarageQual,0.012725055671075446
Exterior1st_MetalSd,0.012101528643923038
MoSold_5,0.011940865394470163
Neighborhood_OldTown,-0.011265938590849765
BsmtExposure,0.011221672222046845
LotConfig_CulDSac,0.011081302858549594
TotalBath,0.01017183387374427
MSSubClass_70,0.010011654745396658
Neighborhood_ClearCr,0.009896544701353382
RoofStyle_infrequent_sklearn,0.009211853702142427
BedroomAbvGr,-0.008739699199992217
LandContour_HLS,0.008639791201036251
MoSold_3,-0.007863059724296417
PavedDrive,0.007811674287881181
Neighborhood_NWAmes,-0.007717305126570398
Neighborhood_SawyerW,-0.007673348409817053
GarageCond,0.007296440221062595
OverallCond,0.007238698613231812
HasFireplace,0.0067945511191608455
MoSold_9,-0.0067699513058424405
Neighborhood_Somerst,0.00647648223533423
MSSubClass_30,-0.006381210267003538
Exterior1st_infrequent_sklearn,-0.006228586101728869
LotFrontage,0.006225788080596765
BldgType_Duplex,-0.006178742675514972
Exterior2nd_Wd Sdng,0.006093656376094533
Exterior2nd_HdBoard,-0.006063633042622718
YrSold_2009,-0.005983951199305985
KitchenQual,0.004914947972770801
Exterior2nd_Plywood,-0.004680114355153536
MoSold_6,0.00457761466801205
MSZoning_RL,0.004380281507646439
Exterior1st_HdBoard,-0.004186705111808083
RoofStyle_Gable,-0.004090021737829864
YrSold_2008,0.0037633947897446297
SaleType_COD,-0.0036202611500727373
YrSold_2006,0.0025253889413296097
ExterCond,-0.0023995876365736114
GarageType_Detchd,0.002225863201875001
Neighborhood_CollgCr,-0.0021073005222179957
GarageFinish,0.0020209109119490474
BldgType_TwnhsE,0.0020042389219281182
IsRemodeled,-0.0019927186541187345
FireplaceQu,0.0018136336429235788
Alley_Grvl,-0.0015927426507166798
MoSold_8,0.0014951627289855767
SaleCondition_Normal,0.0014796294767836567
BsmtCond,0.0011834700061978008
YrSold_2010,-0.0011751193490161843
MSSubClass_infrequent_sklearn,0.001052974944837667
HouseStyle_1Story,-0.0010416879473659558
Neighborhood_Gilbert,-0.0010219646659657285
HouseStyle_SLvl,0.0007297696527480375
Neighborhood_NAmes,-0.00046025648187160927
LotShape,-0.00016744031525067714
HasGarage,-1.2663563280308552e-08
HasBsmt,-1.4110602844305424e-14
Condition1_RRAn,0.0
Condition1_PosN,0.0
LandContour_Bnk,0.0
LandContour_Low,-0.0
LotConfig_Corner,0.0
BsmtFinType2,-0.0
BsmtQual,0.0
ExterQual,0.0
Condition1_Artery,-0.0
Condition1_Feedr,0.0
Neighborhood_infrequent_sklearn,0.0
Neighborhood_Veenker,0.0
Neighborhood_Sawyer,0.0
Neighborhood_Timber,-0.0
Neighborhood_SWISU,0.0
LotConfig_Inside,-0.0
LotConfig_infrequent_sklearn,-0.0
Neighborhood_Blmngtn,0.0
Neighborhood_BrDale,0.0
Neighborhood_IDOTRR,-0.0
LandContour_Lvl,-0.0
MSSubClass_120,0.0
MSSubClass_85,-0.0
MSSubClass_80,0.0
MSSubClass_75,-0.0
MSSubClass_60,0.0
MSSubClass_20,-0.0
MSSubClass_50,0.0
MSSubClass_160,-0.0
MSSubClass_190,-0.0
LandSlope,0.0
Fence,-0.0
MSZoning_RH,-0.0
Alley_None,0.0
Exterior1st_AsbShng,0.0
RoofStyle_Hip,-0.0
HouseStyle_SFoyer,-0.0
Exterior1st_Plywood,-0.0
MoSold_4,-0.0
MoSold_2,-0.0
MoSold_12,0.0
MoSold_11,-0.0
MoSold_1,0.0
MoSold_10,0.0
GarageType_infrequent_sklearn,-0.0
GarageType_None,0.0
Electrical_FuseF,-0.0
GarageType_BuiltIn,0.0
GarageType_Basment,0.0
Electrical_infrequent_sklearn,-0.0
Electrical_SBrkr,-0.0
Foundation_infrequent_sklearn,0.0
CentralAir_Y,0.0
Electrical_FuseA,0.0
Exterior2nd_VinylSd,-0.0
Exterior2nd_Wd Shng,-0.0
Exterior2nd_infrequent_sklearn,-0.0
Foundation_Slab,0.0
Foundation_CBlock,-0.0
MasVnrType_BrkFace,-0.0
MasVnrType_None,-0.0
MasVnrType_infrequent_sklearn,-0.0
Exterior1st_WdShing,0.0
Exterior1st_VinylSd,-0.0
Exterior1st_CemntBd,0.0
Exterior2nd_AsbShng,0.0
Exterior2nd_CmentBd,0.0
Exterior2nd_BrkFace,-0.0
Exterior2nd_MetalSd,0.0
Exterior2nd_Stucco,0.0
HouseStyle_2Story,0.0
HouseStyle_1.5Fin,-0.0
BldgType_2fmCon,-0.0
BldgType_Twnhs,-0.0
HouseStyle_infrequent_sklearn,0.0
YearRemodAdd,0.0
TotalBsmtSF,0.0
BsmtFinSF2,-0.0
YrSold_2007,-0.0
SaleType_New,0.0
SaleType_WD,-0.0
MoSold_7,0.0
SaleCondition_Family,-0.0
MasVnrArea,-0.0
SaleCondition_infrequent_sklearn,-0.0
YearBuilt,0.0
2ndFlrSF,0.0
1stFlrSF,-0.0
3SsnPorch,-0.0
WoodDeckSF,-0.0
BsmtHalfBath,-0.0
BsmtFullBath,-0.0
FullBath,0.0
KitchenAbvGr,0.0
LowQualFinSF,0.0
EnclosedPorch,-0.0
OpenPorchSF,-0.0
IsNew,0.0
QualxArea,0.0
HasPool,0.0
Has2ndFlr,0.0
LotRatio,0.0
