feature,importance_gain
QualxArea,805.850079846743
TotalSF,298.09658559662057
OverallQual,282.185456376872
QualSum,268.41628959134687
OverallScore,72.66165381250903
TotalBath,41.50328703020932
BsmtFinSF1,38.06319125543814
GarageCars,29.639082144247368
LotArea,26.579326329694595
TotalBsmtSF,25.999844384903554
YearBuilt,24.322233397630043
HouseAge,23.477144121250603
FireplaceQu,22.128369932645
TotalPorchSF,17.389836330199614
CentralAir_N,15.002308987430297
RemodAge,14.180943193961866
1stFlrSF,12.216667348751798
YearRemodAdd,12.133861781680025
LotRatio,11.84659099613782
BsmtFinType1,11.714363470557146
GrLivArea,10.514478566066828
LotFrontage,9.644290132157039
BsmtUnfSF,9.48046774289105
Fireplaces,9.081999133224599
GarageFinish,8.867219332139939
BsmtExposure,6.058410062105395
KitchenQual,5.573677867650986
MSZoning_RL,5.460161604685709
OverallCond,4.923859584261663
MSZoning_RM,4.807727031758986
2ndFlrSF,4.553930156398565
BsmtQual,4.523636901809368
SaleCondition_Abnorml,4.4698917547939345
CentralAir_Y,4.32010720029939
ExterQual,4.233212133520283
GarageType_Detchd,4.002063014078885
GarageQual,3.967060729279183
OpenPorchSF,3.954084702534601
HeatingQC,3.9320424020988867
Neighborhood_Crawfor,3.597534610889852
Functional,3.0184888327494264
MasVnrArea,2.85964299691841
Neighborhood_Edwards,2.739988519169856
WoodDeckSF,2.5786637574783526
GarageCond,2.491279946407303
TotRmsAbvGrd,2.421851631021127
LotShape,2.4201484037330374
LandContour_Lvl,2.0876120305620134
GarageType_Attchd,2.02460771065671
MSSubClass_30,1.7958130466286093
Exterior1st_BrkFace,1.7558491680538282
HasFireplace,1.647347024292685
SaleCondition_Normal,1.6100991728017107
BedroomAbvGr,1.4549533219542354
Neighborhood_OldTown,1.2831976363668218
ScreenPorch,1.2017365981009789
Exterior1st_Wd Sdng,1.1935438725631684
BsmtFullBath,1.1375783681869507
PavedDrive,1.0543321262812242
Condition1_Norm,0.9985023993067443
BldgType_1Fam,0.945207807701081
MasVnrType_Stone,0.9249261596705765
SaleType_WD,0.9163928044727072
YrSold_2010,0.8780639133183286
HouseStyle_1Story,0.7606725890072994
Neighborhood_NoRidge,0.7377450834028423
YrSold_2007,0.7012180677847937
MasVnrType_BrkFace,0.6469275081763044
BsmtCond,0.6168060641502962
Exterior1st_MetalSd,0.5809623671229929
Foundation_CBlock,0.5382165685296059
Neighborhood_NAmes,0.5046490486711264
SaleType_New,0.46660736040212214
LotConfig_Inside,0.4588240535231307
Neighborhood_BrkSide,0.4442594926804304
Condition1_Artery,0.41883121023420244
MoSold_5,0.41826229845173657
RoofStyle_Hip,0.387404284439981
IsRemodeled,0.37091662955936044
Fence,0.36753064079675823
Neighborhood_Somerst,0.3674605190753937
LandSlope,0.36345011950470507
BsmtFinSF2,0.3499802326550707
FullBath,0.34043598629068583
KitchenAbvGr,0.3386236291844398
MoSold_3,0.3333912001689896
Exterior2nd_VinylSd,0.3301327681983821
SaleType_COD,0.32825871801469475
YrSold_2006,0.32249950827099383
Foundation_PConc,0.31889942451380193
Electrical_SBrkr,0.31143255217466503
HouseStyle_SLvl,0.310850438894704
MSZoning_FV,0.3066958982963115
HouseStyle_1.5Fin,0.30286218551918864
MoSold_6,0.30267577804625034
Electrical_FuseA,0.29191893024835736
MSSubClass_70,0.28396379854530096
Neighborhood_IDOTRR,0.28051210730336607
MSSubClass_20,0.2565330461366102
MSSubClass_50,0.2558906701160595
EnclosedPorch,0.253991765785031
Neighborhood_Mitchel,0.25070196675369516
YrSold_2009,0.24887595034670085
MoSold_7,0.24839521932881325
Foundation_BrkTil,0.20950065040960908
RoofStyle_Gable,0.204114340711385
Exterior2nd_Wd Sdng,0.20242879714351147
Neighborhood_Sawyer,0.19787115731742233
YrSold_2008,0.19384987151715904
MoSold_1,0.19272851874120533
SaleCondition_Partial,0.18597644078545272
Exterior1st_VinylSd,0.1811042702756822
HalfBath,0.17701304471120238
MoSold_9,0.16872014931868762
MoSold_4,0.16697783069685102
LotConfig_FR2,0.16661240498069674
MoSold_10,0.15919631987344474
MSSubClass_60,0.144316831137985
BsmtHalfBath,0.14387184666702524
LotConfig_Corner,0.13609695003833622
HouseStyle_2Story,0.12224388169124722
LandContour_HLS,0.12016163929365575
MoSold_12,0.1198549578548409
Exterior2nd_MetalSd,0.11646014056168497
LotConfig_CulDSac,0.1062497561215423
BsmtFinType2,0.09271471959073097
MoSold_8,0.09241655061487108
IsNew,0.08006145840045065
MasVnrType_None,0.07623367081396282
Exterior1st_HdBoard,0.07350484072230756
Neighborhood_NridgHt,0.06799936981406063
Has2ndFlr,0.06368060037493706
MSSubClass_80,0.06248415180016309
Exterior1st_Plywood,0.061668301466852427
MoSold_2,0.059231779538095
Alley_None,0.055315170786343515
Exterior2nd_HdBoard,0.03913705062586814
Condition1_Feedr,0.03793257940560579
ExterCond,0.035414651269093156
Exterior2nd_Plywood,0.033377290004864335
GarageType_None,0.03282490000128746
Alley_Grvl,0.03270050941500813
Neighborhood_SawyerW,0.029873099992983043
Neighborhood_CollgCr,0.028544219909235835
Alley_Pave,0.021617089631035924
Neighborhood_ClearCr,0.01814970001578331
Neighborhood_NWAmes,0.015181039925664663
LandContour_Bnk,0.01285252021625638
MSSubClass_90,0.012137689860537648
GarageType_BuiltIn,0.00832204008474946
BldgType_Duplex,0.007979129906743765
BldgType_TwnhsE,0.0072190898936241865
MSSubClass_120,0.0067694399040192366
Exterior2nd_infrequent_sklearn,0.005925329867750406
Exterior2nd_CmentBd,0.0048777200281620026
MSSubClass_160,0.002875630045309663
Exterior2nd_Wd Shng,0.001190009992569685
MoSold_11,0.0009102639742195606
MSSubClass_190,0.0
MSSubClass_75,0.0
MSSubClass_85,0.0
Neighborhood_infrequent_sklearn,0.0
Neighborhood_SWISU,0.0
Neighborhood_StoneBr,0.0
Neighborhood_Timber,0.0
Neighborhood_BrDale,0.0
Neighborhood_Blmngtn,0.0
LotConfig_infrequent_sklearn,0.0
Neighborhood_Gilbert,0.0
MSZoning_infrequent_sklearn,0.0
MSZoning_RH,0.0
MSSubClass_infrequent_sklearn,0.0
LandContour_Low,0.0
Condition1_infrequent_sklearn,0.0
Condition1_RRAn,0.0
Condition1_PosN,0.0
Neighborhood_Veenker,0.0
GarageType_infrequent_sklearn,0.0
Electrical_FuseF,0.0
Electrical_infrequent_sklearn,0.0
GarageType_Basment,0.0
Exterior1st_AsbShng,0.0
Exterior1st_WdShing,0.0
Exterior1st_CemntBd,0.0
Exterior1st_Stucco,0.0
Exterior2nd_BrkFace,0.0
Exterior2nd_AsbShng,0.0
Exterior1st_infrequent_sklearn,0.0
Exterior2nd_Stucco,0.0
BldgType_Twnhs,0.0
BldgType_2fmCon,0.0
HouseStyle_SFoyer,0.0
RoofStyle_infrequent_sklearn,0.0
Foundation_Slab,0.0
MasVnrType_infrequent_sklearn,0.0
Foundation_infrequent_sklearn,0.0
HouseStyle_infrequent_sklearn,0.0
SaleCondition_infrequent_sklearn,0.0
SaleCondition_Family,0.0
SaleType_infrequent_sklearn,0.0
LowQualFinSF,0.0
3SsnPorch,0.0
HasPool,0.0
HasGarage,0.0
HasBsmt,0.0
